date,price,market_cap,volume,open,high,low,close,ticker,coin_id
2025-10-01,2.8461126408803876,170189095368.76358,4730993769.681826,,,,,XRP,ripple
2025-10-02,2.9482580178056854,176432898469.9076,6162610715.415721,,,,,XRP,ripple
2025-10-03,3.0389378149764874,181880489288.8359,6871874858.715395,2.86,3.1,2.82,3.04,XRP,ripple
2025-10-04,3.0420483759329757,182103135500.44937,6638696983.838011,,,,,XRP,ripple
2025-10-05,2.9693592464231773,177802651636.65665,3834271650.95607,,,,,XRP,ripple
2025-10-06,2.968622326576146,177736465453.97083,5141987723.643419,,,,,XRP,ripple
2025-10-07,2.99054810772785,179056434706.33972,6238109831.5561495,3.04,3.09,2.94,2.99,XRP,ripple
2025-10-08,2.855682119011508,170936013146.18445,7011266413.836482,,,,,XRP,ripple
2025-10-09,2.879618312662142,172611406399.91275,4460897406.206386,,,,,XRP,ripple
2025-10-10,2.804023342938806,167941100355.28183,5398945467.646872,,,,,XRP,ripple
2025-10-11,2.3700592846898307,142068286891.992,14636810185.502373,2.99,3.0,1.92,2.38,XRP,ripple
2025-10-12,2.383913598572311,142927163901.36987,10461707176.8344,,,,,XRP,ripple
2025-10-13,2.529653741025908,151584416247.72528,9605627489.355228,,,,,XRP,ripple
2025-10-14,2.607292503642952,156068554824.33734,8216035731.020451,,,,,XRP,ripple
2025-10-15,2.5050811467956984,150132992728.348,7736532791.070083,2.37,2.64,2.32,2.51,XRP,ripple
2025-10-16,2.4122709942221987,144464619530.17004,5075842228.756365,,,,,XRP,ripple
2025-10-17,2.327078891793293,139315952355.05777,6504919682.981083,,,,,XRP,ripple
2025-10-18,2.29593334499471,137601099458.43674,7117660299.963518,,,,,XRP,ripple
2025-10-19,2.3600123732745915,141532509978.13895,2456438259.766671,2.51,2.54,2.2,2.36,XRP,ripple
2025-10-20,2.390346018545064,143339781093.46002,2907445876.1748214,,,,,XRP,ripple
2025-10-21,2.494574251694319,149508593741.93478,4297009053.305667,,,,,XRP,ripple
2025-10-22,2.423538156244877,145376908631.47583,4728154732.210365,,,,,XRP,ripple
2025-10-23,2.3637245370123927,141758287004.49744,4190508302.4823174,2.36,2.54,2.32,2.36,XRP,ripple
2025-10-24,2.394687892719905,143701004400.49966,2873867431.9522095,,,,,XRP,ripple
2025-10-25,2.508279461558719,150388374797.727,4013779178.598882,,,,,XRP,ripple
2025-10-26,2.5952603071088585,155668341777.24484,3485093891.387376,,,,,XRP,ripple
2025-10-27,2.645481792092586,158765712260.11554,3354807628.384999,2.36,2.66,2.36,2.65,XRP,ripple
2025-10-28,2.63389793917658,158132155820.9192,4492563225.956461,,,,,XRP,ripple
2025-10-29,2.6046449493103596,156504194042.55167,5247817905.614001,,,,,XRP,ripple
2025-10-30,2.5501065495933,153168624200.54333,4673902857.028844,,,,,XRP,ripple
2025-10-31,2.4393602981380744,146357443874.32526,5607419149.612677,2.65,2.69,2.39,2.44,XRP,ripple
2025-11-01,2.508414081846672,150761573512.282,4302351237.117264,,,,,XRP,ripple
2025-11-02,2.5046915174642344,150565099804.24872,1732607595.2727642,,,,,XRP,ripple
2025-11-03,2.526622419787482,151965619309.89056,2239790336.9915986,,,,,XRP,ripple
2025-11-04,2.308473257506325,138723005825.70047,5940376542.141116,2.44,2.54,2.27,2.31,XRP,ripple
2025-11-05,2.209001299834111,132907757275.07928,9103792897.630655,,,,,XRP,ripple
2025-11-06,2.3425240690913345,141020515073.66852,6418612472.753551,,,,,XRP,ripple
2025-11-07,2.2102812820466795,132852464130.21194,5341197298.647927,,,,,XRP,ripple
2025-11-08,2.3182376463728107,139128292502.69086,5604988544.991513,2.31,2.38,2.09,2.32,XRP,ripple
2025-11-09,2.284689973838738,137359326003.45598,2918635803.3756623,,,,,XRP,ripple
2025-11-10,2.360529418634386,142233399043.9623,2967028886.376576,,,,,XRP,ripple
2025-11-11,2.5257513072290494,151818484223.88318,5952577470.307984,,,,,XRP,ripple
2025-11-12,2.390434897446697,143705634329.4373,4116673287.9246264,2.32,2.58,2.25,2.39,XRP,ripple
2025-11-13,2.385774753235838,143300134339.8013,4427111169.83173,,,,,XRP,ripple
2025-11-14,2.3190641287297,139502861697.22772,7193111620.737252,,,,,XRP,ripple
2025-11-15,2.2436294470243503,135207468101.44531,6698400743.135106,,,,,XRP,ripple
2025-11-16,2.230062587287974,134488102754.54236,2745098323.373371,2.39,2.52,2.22,2.24,XRP,ripple
2025-11-17,2.214708197984395,133377895604.30122,4135070068.562383,,,,,XRP,ripple
2025-11-18,2.1612832681988605,130081429568.48737,5916556143.425073,,,,,XRP,ripple
2025-11-19,2.2159606089639188,133272649840.3804,5577985664.788728,,,,,XRP,ripple
2025-11-20,2.105858534410783,126737701854.70992,6058458142.89625,2.23,2.28,2.03,2.11,XRP,ripple
2025-11-21,1.999405032484589,120510104747.32716,6584532975.157985,,,,,XRP,ripple
2025-11-22,1.94948334534332,117480807246.53104,8774733151.368969,,,,,XRP,ripple
2025-11-23,1.9493257929882195,117526275477.68062,3014832027.563937,,,,,XRP,ripple
2025-11-24,2.046289493333872,123241570305.7347,3998351993.223904,2.11,2.14,1.83,2.04,XRP,ripple
2025-11-25,2.2260734535986457,134012613868.17644,6589591311.145123,,,,,XRP,ripple
2025-11-26,2.199282067196235,132517997042.80836,4889376239.454746,,,,,XRP,ripple
2025-11-27,2.22342735444749,134189925177.1148,3852895349.638408,,,,,XRP,ripple
2025-11-28,2.1996671847233507,132755623436.0176,2722497006.710732,2.05,2.28,2.03,2.2,XRP,ripple
2025-11-29,2.179993207259447,131544183762.67007,4215928770.841059,,,,,XRP,ripple
2025-11-30,2.202072017538296,132904309840.30942,2084491630.18597,,,,,XRP,ripple
2025-12-01,2.1586588689112713,130524475272.91292,1896622801.5789983,,,,,XRP,ripple
2025-12-02,2.0286260586600973,122536079415.6595,5159993756.114901,2.2,2.26,1.99,2.03,XRP,ripple
2025-12-03,2.154410337736398,130111355382.17744,4357705161.889793,,,,,XRP,ripple
2025-12-04,2.200460426857361,132855280174.78735,3885267591.327579,,,,,XRP,ripple
2025-12-05,2.096753373104454,126505157118.26164,3372716992.425401,,,,,XRP,ripple
2025-12-06,2.0348536720375674,122851900970.94733,3346679754.443583,2.03,2.21,2.0,2.04,XRP,ripple
2025-12-07,2.031607257631385,122591172795.53905,1738986379.1235662,,,,,XRP,ripple
2025-12-08,2.043169455705931,123207973529.90314,2828761084.686963,,,,,XRP,ripple
2025-12-09,2.07273654045108,125055040408.19872,2888869104.3781557,,,,,XRP,ripple
2025-12-10,2.107586677837354,127246040852.3641,3559154122.6973443,2.03,2.17,2.0,2.11,XRP,ripple
2025-12-11,2.0428503536849583,123323969068.73727,3814915541.681408,,,,,XRP,ripple
2025-12-12,2.033738646362437,122770830915.80708,3605211557.3595514,,,,,XRP,ripple
2025-12-13,2.0086522836519483,121200669715.43202,2663690103.4649167,,,,,XRP,ripple
2025-12-14,2.023035544355354,122086466005.40088,1561158361.0668137,2.11,2.11,1.98,2.02,XRP,ripple
2025-12-15,1.9799332393631692,119748821030.29822,1667024108.007986,,,,,XRP,ripple
2025-12-16,1.8976753512491444,114753770881.18706,3360585386.128509,,,,,XRP,ripple
2025-12-17,1.9285734292750072,116720356340.3364,2951300813.8237443,,,,,XRP,ripple
2025-12-18,1.8617050386154732,112613052410.41595,3385459529.1641984,2.02,2.03,1.85,1.86,XRP,ripple
2025-12-19,1.807836415390597,109352596488.09824,3683247383.15781,,,,,XRP,ripple
2025-12-20,1.9075097477744076,115537633182.49638,3842344695.2671328,,,,,XRP,ripple
2025-12-21,1.9326054463191744,117034710411.01971,1925372704.686371,,,,,XRP,ripple
2025-12-22,1.921837870988929,116422983148.0934,2382324002.768989,1.86,1.95,1.77,1.92,XRP,ripple
2025-12-23,1.900984053470418,115223556694.30588,2644095257.4220586,,,,,XRP,ripple
2025-12-24,1.8726823731725215,113468424415.36708,2100689266.237296,,,,,XRP,ripple
2025-12-25,1.8614073031242448,112751853193.47812,1856865715.3737023,,,,,XRP,ripple
2025-12-26,1.83215129950936,110986602863.90102,1495302043.274589,1.92,1.94,1.83,1.83,XRP,ripple
2025-12-27,1.8424924442028972,111622768871.87404,2102790305.9407692,,,,,XRP,ripple
2025-12-28,1.8729261583846584,113447173533.36038,984231005.2452816,,,,,XRP,ripple
2025-12-29,1.8642306664406223,112943603894.92567,980013614.1200165,,,,,XRP,ripple
2025-12-30,1.8486201599206935,111917388075.08817,2232072024.8238993,1.83,1.91,1.83,1.85,XRP,ripple
2025-12-31,1.8748614021351784,113773989214.96698,1711892885.853258,,,,,XRP,ripple
2026-01-01,1.8405299312812542,111676719001.29428,3116615558.6404867,,,,,XRP,ripple
2026-01-02,1.8802422167207002,114086317273.26202,1034737436.9155638,,,,,XRP,ripple
2026-01-03,2.008929428891526,121894593242.26888,3157287493.089412,1.85,2.03,1.81,2.01,XRP,ripple
2026-01-04,2.017668118968793,122424825443.12148,1908108527.1198943,,,,,XRP,ripple
2026-01-05,2.0952690617533083,127133370810.56844,1953947124.9928083,,,,,XRP,ripple
2026-01-06,2.3537764079779833,142818664362.9566,5992113979.323487,,,,,XRP,ripple
2026-01-07,2.302665904957429,139717463351.86096,4730309335.26894,2.01,2.41,1.99,2.3,XRP,ripple
2026-01-08,2.1649537840046547,131361588463.1493,3762951943.633923,,,,,XRP,ripple
2026-01-09,2.1256948975795935,128979500808.34914,3742421658.6571007,,,,,XRP,ripple
2026-01-10,2.099232369107714,127423336688.94632,2995287202.5548153,,,,,XRP,ripple
2026-01-11,2.0997361524874876,127453916323.75182,1042704016.7474144,2.3,2.32,2.07,2.1,XRP,ripple
2026-01-12,2.0772442326828475,126088657521.42798,1559879200.5767515,,,,,XRP,ripple
2026-01-13,2.0604534414889404,125069457040.78542,1910447398.335464,,,,,XRP,ripple
2026-01-14,2.1691514760656063,131667424212.5552,3870174207.3280487,,,,,XRP,ripple
2026-01-15,2.142144757060112,130026219900.49721,3211884817.5192475,2.1,2.19,2.03,2.14,XRP,ripple
2026-01-16,2.0877664284447053,126725505282.09201,1225119643.715811,,,,,XRP,ripple
2026-01-17,2.07410393103093,126083738297.88557,1565763175.4365306,,,,,XRP,ripple
2026-01-18,2.0618262747123546,125337385724.60191,940805196.7048817,,,,,XRP,ripple
2026-01-19,1.9623858048175262,119292449405.42412,1043651252.1898334,2.14,2.15,1.99,1.99,XRP,ripple
2026-01-20,1.9906966052723087,121013448773.9419,2796215760.043951,,,,,XRP,ripple
2026-01-21,1.897534540776928,115350173571.87047,2913254778.5525484,,,,,XRP,ripple
2026-01-22,1.9552925197479913,118861252161.64136,4061785322.5423923,,,,,XRP,ripple
2026-01-23,1.937447931368259,117776488578.8515,1166560296.5831382,1.96,2.03,1.88,1.93,XRP,ripple
2026-01-24,1.9285098497451156,117356059877.31383,2228776356.7944016,,,,,XRP,ripple
2026-01-25,1.9501554599051494,118673265243.08244,436106982.4924856,,,,,XRP,ripple
2026-01-26,1.8428444453335122,112143043033.83171,2642206226.85038,,,,,XRP,ripple
2026-01-27,1.9099355322017293,116225752597.78917,2301866391.7784567,1.94,1.98,1.82,1.92,XRP,ripple
2026-01-28,1.9256377575635069,117181283781.62389,2067545396.0865743,,,,,XRP,ripple
2026-01-29,1.9246498423708593,117121165947.88953,1234705604.8379178,,,,,XRP,ripple
2026-01-30,1.8158998046157082,110503374525.0765,3588549798.2611213,,,,,XRP,ripple
2026-01-31,1.7422956924566955,106024326313.37498,4483480406.311536,1.91,1.95,1.72,1.74,XRP,ripple
2026-02-01,1.6552424823604273,100726857006.73894,5385336817.0118475,,,,,XRP,ripple
2026-02-02,1.5996883634199979,97346209244.0811,3123225935.3421855,,,,,XRP,ripple
2026-02-03,1.6256767356731507,98927685724.82504,4618282356.542513,,,,,XRP,ripple
2026-02-04,1.5829643682651893,96328500064.6154,2889237408.849138,1.74,1.76,1.53,1.58,XRP,ripple
2026-02-05,1.517858947387863,92463892156.36337,3185478447.406075,,,,,XRP,ripple
2026-02-06,1.2133346953655288,73913092263.89143,7576769325.279198,,,,,XRP,ripple
2026-02-07,1.461711815305451,89043559605.24483,11050694601.181355,,,,,XRP,ripple
2026-02-08,1.4284174751103542,87015357784.17664,5073506331.084564,1.58,1.62,1.13,1.43,XRP,ripple
2026-02-09,1.4411870773919397,87793247673.27083,2663022626.700061,,,,,XRP,ripple
2026-02-10,1.441585913219291,87817543681.13887,3875554667.134261,,,,,XRP,ripple
2026-02-11,1.4055705614431524,85623585139.51463,2483503024.2695994,,,,,XRP,ripple
2026-02-12,1.3841745099158949,84320195121.36244,2778647282.516306,1.43,1.48,1.36,1.38,XRP,ripple
2026-02-13,1.3768617985796396,83874724378.82095,2378451649.7555704,,,,,XRP,ripple
2026-02-14,1.417330931274759,86339995297.19101,2391263477.007142,,,,,XRP,ripple
2026-02-15,1.5206965881596475,92636753614.11102,2491625120.1009955,,,,,XRP,ripple
2026-02-16,1.4930275577193792,90951230561.32478,4994909280.650372,1.38,1.68,1.35,1.49,XRP,ripple
2026-02-17,1.4990382978991095,91317388716.34633,2846460117.1449223,,,,,XRP,ripple
2026-02-18,1.4884442449776467,90672027453.6844,2357555988.4021897,,,,,XRP,ripple
2026-02-19,1.441114568480857,87788830625.06865,1489183725.751139,,,,,XRP,ripple
2026-02-20,1.4225004956108944,86798965948.75748,1660204197.0591292,1.49,1.53,1.39,1.42,XRP,ripple
2026-02-21,1.4382554246370942,87760309408.59433,2533133162.4299235,,,,,XRP,ripple
2026-02-22,1.450119642581838,88484247187.5771,1273770650.0341737,,,,,XRP,ripple
2026-02-23,1.3640075553007247,83229809558.37975,1498448766.7454028,,,,,XRP,ripple
2026-02-24,1.3662311865472427,83365492388.32928,3173671929.4517827,1.42,1.48,1.35,1.37,XRP,ripple
2026-02-25,1.3582480421774696,82878372223.20177,2570686947.6948767,,,,,XRP,ripple
2026-02-26,1.437975675373357,87743239504.65248,3906766194.5671296,,,,,XRP,ripple
2026-02-27,1.4126241932906416,86196327966.24689,2137436117.5044777,,,,,XRP,ripple
2026-02-28,1.3657781847122676,83435904171.03517,2610274300.4964843,1.37,1.5,1.33,1.37,XRP,ripple
2026-03-01,1.388047054085294,84796317795.88492,3205700825.514265,,,,,XRP,ripple
2026-03-02,1.362270057547874,83221591360.0791,3080090465.670675,,,,,XRP,ripple
2026-03-03,1.3987662416144493,85451157002.92818,2972082256.5950413,,,,,XRP,ripple
2026-03-04,1.3735872886650777,83912965275.36491,1126864605.9796827,1.37,1.44,1.28,1.37,XRP,ripple
2026-03-05,1.435767494550255,87711577493.39787,4027927261.4272275,,,,,XRP,ripple
2026-03-06,1.4095526706873105,86208459501.34096,2475233990.9781027,,,,,XRP,ripple
2026-03-07,1.37141424019512,83968721323.69652,2094803904.8417048,,,,,XRP,ripple
2026-03-08,1.396332311347475,85494400809.28976,458659046.4777184,1.37,1.47,1.35,1.39,XRP,ripple
2026-03-09,1.35490752108217,82958050691.48358,1344451651.2098658,,,,,XRP,ripple
2026-03-10,1.3718876229253802,83997705522.19151,2148042006.151797,,,,,XRP,ripple
2026-03-11,1.3919277981529767,85224722013.3756,2953474292.581349,,,,,XRP,ripple
2026-03-12,1.3847478524585772,84785109501.37007,143400356.36101973,1.4,1.45,1.34,1.4,XRP,ripple
2026-03-13,1.3988862713864045,85650774246.64755,1074879764.204134,,,,,XRP,ripple
2026-03-14,1.3987968885148327,85645301527.16269,3264932657.4513073,,,,,XRP,ripple
2026-03-15,1.425291428571713,87267504786.71115,817713671.0767072,,,,,XRP,ripple
2026-03-16,1.4582581325650392,89285984615.37514,1710109865.4326134,1.38,1.47,1.37,1.46,XRP,ripple
2026-03-17,1.5394605590302872,94257833177.8476,3794681396.7142043,,,,,XRP,ripple
2026-03-18,1.5225501906361782,93222447975.07768,4471635614.547484,,,,,XRP,ripple
2026-03-19,1.4662524918487003,89775461906.17223,2871675929.974361,,,,,XRP,ripple
2026-03-20,1.4557086485948132,89206813117.93756,2276167290.0625157,1.46,1.6,1.42,1.46,XRP,ripple
2026-03-21,1.4438593513850513,88572950910.03639,1605645003.1316595,,,,,XRP,ripple
2026-03-22,1.4130020572493553,86680023045.50739,1165574545.9425142,,,,,XRP,ripple
2026-03-23,1.399010071779641,85821690520.97574,1430394325.9248023,,,,,XRP,ripple
2026-03-24,1.4376099340574098,88189583005.36719,3346754594.881686,1.46,1.47,1.37,1.44,XRP,ripple
2026-03-25,1.4233299309185359,87313582156.80716,2072027489.3792672,,,,,XRP,ripple
2026-03-26,1.42323613048032,87307828007.96887,1790785537.8160796,,,,,XRP,ripple
2026-03-27,1.3681491705216458,83928541379.03073,2338114931.8052416,,,,,XRP,ripple
2026-03-28,1.3250991075693428,81287653186.6382,2339885154.570431,1.44,1.44,1.32,1.33,XRP,ripple
2026-03-29,1.3342864570168125,81851247314.29578,1172617476.0996406,,,,,XRP,ripple
2026-03-30,1.3279211567600602,81460770619.57608,1362521606.467456,,,,,XRP,ripple
2026-03-31,1.3228726302337825,81151070861.25055,1797134401.550288,,,,,XRP,ripple
2026-04-01,1.3390639434582177,82225933451.11469,1814281536.1850655,1.33,1.36,1.3,1.34,XRP,ripple
2026-04-02,1.348434133804052,84515723723.41747,2149137642.11241,,,,,XRP,ripple
2026-04-03,1.3219171671228065,82853721424.72687,2822934524.886891,,,,,XRP,ripple
2026-04-04,1.3194997099489518,82702202609.3122,1686259089.715075,,,,,XRP,ripple
2026-04-05,1.3175529895382665,82580188133.20866,1092465170.3690884,1.34,1.43,1.31,1.37,XRP,ripple
2026-04-06,1.3374735160923328,83828745757.53911,1772832847.7053504,,,,,XRP,ripple
2026-04-07,1.3212073179193704,82809230249.62315,2278171895.599631,,,,,XRP,ripple
2026-04-08,1.3819971406029992,86619350247.57309,2730733372.6220455,,,,,XRP,ripple
2026-04-09,1.342791869574639,84162083873.43657,2774332881.1842375,1.37,1.46,1.31,1.41,XRP,ripple
2026-04-10,1.3449506959316484,84297392500.96376,3064142170.4773006,,,,,XRP,ripple
2026-04-11,1.3561245684325638,83273550199.08873,1860088372.5588098,,,,,XRP,ripple
2026-04-12,1.3550226689539349,83205887475.70483,1468756651.7933085,,,,,XRP,ripple
2026-04-13,1.3252607819143487,81378342977.13776,1756668602.8346794,1.41,1.43,1.32,1.32,XRP,ripple
2026-04-14,1.375705421959058,84475922921.3558,2664316804.888449,,,,,XRP,ripple
2026-04-15,1.363623937325541,83734052933.50392,1850808806.547119,,,,,XRP,ripple
2026-04-16,1.3924365799367313,85731875018.77954,2635443591.5683317,,,,,XRP,ripple
2026-04-17,1.4535685190773635,89495748965.76996,4005928684.448365,1.33,1.46,1.32,1.45,XRP,ripple
2026-04-18,1.476944178548981,90934980845.46771,4188050167.3745346,,,,,XRP,ripple
2026-04-19,1.4342426784687692,88305863138.6078,1859713313.8722024,,,,,XRP,ripple
2026-04-20,1.3956962596939182,85932572459.20235,2723143653.166121,,,,,XRP,ripple
2026-04-21,1.4252047684646112,87749401909.36987,2336665073.279369,1.45,1.51,1.39,1.43,XRP,ripple
2026-04-22,1.4337758080346694,88277118075.25417,2266691444.0305786,,,,,XRP,ripple
2026-04-23,1.4301743977390085,88055380394.84004,1387139940.4631116,,,,,XRP,ripple
2026-04-24,1.4394581994074445,88626981095.22789,1155940720.060029,,,,,XRP,ripple
2026-04-25,1.436134425683369,88587869367.14746,542642420.4416522,1.43,1.47,1.41,1.44,XRP,ripple
2026-04-26,1.426350778891515,87984365678.05606,342124230.6105505,,,,,XRP,ripple
2026-04-27,1.432179767588003,88343926510.21239,469785147.12955624,,,,,XRP,ripple
2026-04-28,1.403977352114116,86604262135.37512,816915003.0272021,,,,,XRP,ripple
2026-04-29,1.3830126883729867,85311058059.48119,512678532.50703317,1.44,1.45,1.37,1.38,XRP,ripple
2026-04-30,1.3706147124320556,84546289627.34113,713923119.9774572,,,,,XRP,ripple
2026-05-01,1.3686295149928924,84424974958.92839,1024925513.2819873,,,,,XRP,ripple
2026-05-02,1.387111151936983,85565029092.72585,481412578.32498676,,,,,XRP,ripple
2026-05-03,1.3943322006711885,86164466726.48431,397915214.23617184,1.38,1.41,1.35,1.39,XRP,ripple
2026-05-04,1.388725666103684,85818004053.55739,375992316.66072345,,,,,XRP,ripple
2026-05-05,1.3924135298140945,86045900110.04558,1344260316.5067718,,,,,XRP,ripple
2026-05-06,1.4135034968103786,87349180460.76776,564795720.9407932,,,,,XRP,ripple
2026-05-07,1.4294969503913497,88337515520.55896,743626760.3899237,1.39,1.46,1.38,1.43,XRP,ripple
2026-05-08,1.3919587883116804,86017798801.73825,524803607.8065446,,,,,XRP,ripple
2026-05-09,1.420641611770628,87790289020.6118,510287113.00225925,,,,,XRP,ripple
2026-05-10,1.4224308017553566,87900854207.89809,524852535.6878442,,,,,XRP,ripple
2026-05-11,1.4733272918435374,91046065173.10915,2672275018.6172695,1.43,1.51,1.38,1.47,XRP,ripple
2026-05-12,1.4759911514946882,91210681644.10875,1431186694.1188374,,,,,XRP,ripple
2026-05-13,1.4358487937325481,88730035462.33545,1928695514.257027,,,,,XRP,ripple
2026-05-14,1.42655925240605,88155976874.18404,1087307772.6756115,,,,,XRP,ripple
2026-05-15,1.4825648811639263,91616913323.38956,1945865049.8720484,1.47,1.55,1.41,1.48,XRP,ripple
2026-05-16,1.4331104702954172,88607852359.7729,1960051949.6576846,,,,,XRP,ripple
2026-05-17,1.4131582551338857,87374225942.32097,1312281607.5065439,,,,,XRP,ripple
2026-05-18,1.4008124294376394,86610895324.60036,1048158809.8903788,,,,,XRP,ripple
2026-05-19,1.389106938376565,85887155986.12178,1879358787.7611547,1.48,1.5,1.37,1.39,XRP,ripple
2026-05-20,1.358688584281766,84006418189.19281,674103591.1539428,,,,,XRP,ripple
2026-05-21,1.364914449532441,84391357494.55559,1242861908.1530118,,,,,XRP,ripple
2026-05-22,1.36936418176817,84666480191.06532,523108758.1824143,,,,,XRP,ripple
2026-05-23,1.3323718289119872,82418284610.62589,1697716123.7633803,1.39,1.39,1.33,1.33,XRP,ripple
2026-05-24,1.354304495326544,83775002535.45695,912675749.776016,,,,,XRP,ripple
2026-05-25,1.3489759781401205,83445389407.57967,751342231.8140342,,,,,XRP,ripple
2026-05-26,1.347040252911395,83325648694.53911,537383626.6113791,,,,,XRP,ripple
2026-05-27,1.3265991470275145,82061196200.17097,1119055715.3953128,1.33,1.37,1.31,1.33,XRP,ripple
2026-05-28,1.3005645361540241,80515754596.5486,603256098.9087565,,,,,XRP,ripple
2026-05-29,1.3143541072350677,81460832908.1269,2190748177.889036,,,,,XRP,ripple
2026-05-30,1.3289137152633566,82363206013.11552,1931837355.7194223,,,,,XRP,ripple
2026-05-31,1.33979269803168,83037461902.47023,1645267808.5690072,1.33,1.36,1.26,1.34,XRP,ripple
2026-06-01,1.3315091082438855,82524062872.58284,1164295942.8589847,,,,,XRP,ripple
2026-06-02,1.295466044055384,80290191488.00375,1831879993.1924312,,,,,XRP,ripple
2026-06-03,1.2102231710312374,75007022060.6747,2808786547.579418,,,,,XRP,ripple
2026-06-04,1.1998719776763807,74365477420.88692,2312768031.2975297,1.34,1.35,1.19,1.2,XRP,ripple
2026-06-05,1.1676610643848133,72369114484.1268,3134853920.0251436,,,,,XRP,ripple
2026-06-06,1.0972843950512718,68090777202.89725,4157762667.0645604,,,,,XRP,ripple
2026-06-07,1.0929747313661586,67823345759.30258,2112505694.7093952,,,,,XRP,ripple
2026-06-08,1.1548517514448144,71663056236.51035,2010546066.5698698,1.2,1.21,1.052,1.15,XRP,ripple
2026-06-09,1.1677525780115696,72463602850.90843,2103882956.1796708,,,,,XRP,ripple
2026-06-10,1.1368684224292722,70547120518.39922,1862270482.1402798,,,,,XRP,ripple
2026-06-11,1.096886405735991,68066080413.333725,1909699727.0101113,,,,,XRP,ripple
2026-06-12,1.1411231049622073,70811140167.02057,1719096680.843338,1.15,1.19,1.089,1.14,XRP,ripple
2026-06-13,1.131721918290297,70227759860.14035,1489339884.4178603,,,,,XRP,ripple
2026-06-14,1.1501945676088534,71374059811.88467,986313094.145977,,,,,XRP,ripple
2026-06-15,1.1857724963931864,73581809081.91905,1302997963.6227057,,,,,XRP,ripple
2026-06-16,1.2376600592814702,76801634771.74158,3097520362.8626714,1.14,1.29,1.13,1.24,XRP,ripple
2026-06-17,1.2164421139531405,75484978493.23227,1799365537.549333,,,,,XRP,ripple
2026-06-18,1.1858247656054528,73585052590.4416,1988226360.1335871,,,,,XRP,ripple
2026-06-19,1.1457015254597007,71095249019.23973,1902183485.330534,,,,,XRP,ripple
2026-06-20,1.1352079033331168,70444078830.82268,1418755822.7524796,1.24,1.25,1.12,1.14,XRP,ripple
2026-06-21,1.1491349570468194,71308306842.98557,1019972928.7837105,,,,,XRP,ripple
2026-06-22,1.1240573531728624,69752143695.24998,983637216.1864166,,,,,XRP,ripple
2026-06-23,1.1278455886946306,69987218487.22565,1484508576.7450202,,,,,XRP,ripple
2026-06-24,1.1090597219669764,68821482173.39038,1455232730.4323268,1.14,1.16,1.092,1.11,XRP,ripple
2026-06-25,1.072805994012306,66571796928.55414,2113909082.8017957,,,,,XRP,ripple
2026-06-26,1.0424278885912308,64882284606.32865,2204766060.374263,,,,,XRP,ripple
2026-06-27,1.0466477618660692,65144935885.920494,1167448630.4842312,,,,,XRP,ripple
2026-06-28,1.0451606232986514,65052374137.682304,352661244.64196867,1.11,1.11,1.009,1.046,XRP,ripple
2026-06-29,1.0463154690273346,65124253478.27255,463971922.8435673,,,,,XRP,ripple
2026-06-30,1.0547737677266684,65650710751.242455,586001286.0128037,,,,,XRP,ripple
2026-07-01,1.0381027722508576,64613082839.54666,1117152886.3904057,,,,,XRP,ripple
2026-07-02,1.0508621926009323,65407248413.61253,1433867706.133708,1.045,1.074,1.021,1.051,XRP,ripple
2026-07-03,1.0869488576659663,67653336895.00093,1756975101.8633578,,,,,XRP,ripple
2026-07-04,1.1341333307169985,70590169689.86604,1710327059.70597,,,,,XRP,ripple
2026-07-05,1.15642721313132,71977774568.45467,1785424567.159435,,,,,XRP,ripple
2026-07-06,1.1564208702117225,71977379775.56868,1270570254.583816,1.051,1.18,1.042,1.16,XRP,ripple
2026-07-07,1.1441118072110117,71211245122.42865,1709872551.241296,,,,,XRP,ripple
2026-07-08,1.1120051240230528,69463072197.541,1348002962.005787,,,,,XRP,ripple
2026-07-09,1.0901740623941096,68099362105.4562,1523820196.186068,,,,,XRP,ripple
2026-07-10,1.0927141951064325,68258035314.93663,873960769.6370426,1.16,1.16,1.07,1.093,XRP,ripple
2026-07-11,1.104005366846566,68963355336.25288,992775180.4444014,,,,,XRP,ripple
2026-07-12,1.096197339470673,68475615165.26354,633226329.9235072,,,,,XRP,ripple
2026-07-13,1.0854933916295033,67806976967.8064,690066150.4337656,,,,,XRP,ripple
2026-07-14,1.0664910722139291,66619968511.66785,1119722818.7992048,1.093,1.12,1.055,1.066,XRP,ripple
2026-07-15,1.111116761569743,69407579301.06172,1250577906.30019,,,,,XRP,ripple
2026-07-16,1.1127284157422908,69508253702.39912,1146435196.149918,,,,,XRP,ripple
2026-07-17,1.0863798740753594,67862352426.79311,1033182124.7603062,,,,,XRP,ripple
2026-07-18,1.0885135568085882,67995636127.149376,1008788777.7315315,1.066,1.13,1.06,1.089,XRP,ripple
2026-07-19,1.0922463620697758,68228811420.81992,628234919.0261549,,,,,XRP,ripple
2026-07-20,1.0968034898967796,68513479263.1005,661262984.2836158,,,,,XRP,ripple
2026-07-21,1.1112396193859457,69415253799.2925,1209500140.076105,,,,,XRP,ripple
2026-07-22,1.1424327821391576,71363781615.92427,1460696536.4892385,1.089,1.16,1.083,1.14,XRP,ripple
2026-07-23,1.141418837576549,71300444044.14946,1037341494.8986783,,,,,XRP,ripple
2026-07-24,1.107222681879862,69164329757.694,1014935515.9053533,,,,,XRP,ripple
2026-07-25,1.0912834733115033,68241526216.58522,1001688218.8470391,,,,,XRP,ripple
2026-07-26,1.0973556934181352,68621242007.88385,610399090.2647156,1.14,1.16,1.085,1.097,XRP,ripple
2026-07-27,1.1119804109391629,69535773445.89133,597506774.6683857,,,,,XRP,ripple
2026-07-28,1.0651155264803904,66605158880.89126,1156616425.6920612,,,,,XRP,ripple
2026-07-29,1.0680196954265415,66786766067.40419,1201503586.5613673,,,,,XRP,ripple
2026-07-30,1.0726215890261952,67074537531.37931,1317525505.9457545,1.097,1.12,1.046,1.073,XRP,ripple
2026-07-31,1.0821017378210545,67667362254.142105,981721241.1761746,,,,,XRP,ripple
2026-08-01,1.060602597938289,66322950693.05454,1076036179.213201,,,,,XRP,ripple
2026-08-02,1.059904049057053,66279268145.89036,582014062.5285059,,,,,XRP,ripple
2026-08-03,1.0855820463617203,67884997334.602875,812706136.669937,1.073,1.093,1.049,1.085,XRP,ripple
2026-08-04,1.0746193498375005,67199464051.493706,1015375745.766194,,,,,XRP,ripple
2026-08-05,1.0729984465262679,67098103663.91963,919508794.1132715,,,,,XRP,ripple
2026-08-06,1.0612634403442796,66364275330.947754,1015313433.8962331,,,,,XRP,ripple
2026-08-07,1.0338663628577867,64651046433.712685,1428219247.068218,1.086,1.086,1.03,1.034,XRP,ripple
2026-08-08,1.0205863784917084,63820605559.790565,1562193664.467323,,,,,XRP,ripple
2026-08-09,1.0389339261257766,64967937745.699066,741306471.896341,,,,,XRP,ripple
2026-08-10,1.0290585227104907,64350396458.265656,628838812.6930692,,,,,XRP,ripple
2026-08-11,1.0112911348316656,63239343560.109116,1020475456.1891595,1.034,1.048,1.008,1.011,XRP,ripple
2026-08-12,1.0217976248782756,64043147233.178566,1325001635.0299733,,,,,XRP,ripple
2026-08-13,1.0045392098190313,62961442608.17304,910494773.9408547,,,,,XRP,ripple
2026-08-14,1.0084078498627047,63203917123.55338,833646703.4277709,,,,,XRP,ripple
2026-08-15,0.9986457958160457,62592061459.19626,974435976.6481216,1.011,1.025,0.98869,0.998575,XRP,ripple
2026-08-16,1.001843753853044,62792499679.468506,458599167.0229421,,,,,XRP,ripple
2026-08-17,0.9927072784932938,62219853372.20536,475452897.1349322,,,,,XRP,ripple
2026-08-18,1.0024131723623284,62828189088.54473,833509753.6714206,,,,,XRP,ripple
2026-08-19,1.0011429230744608,62748573751.62766,777916324.3318717,0.998646,1.007,0.988683,1.001,XRP,ripple
2026-08-20,1.1051485598996633,69267328689.10408,2887273875.3716908,,,,,XRP,ripple
2026-08-21,1.2681797698816397,79485625864.85136,6369333637.955181,,,,,XRP,ripple
2026-08-22,1.4542994943305336,91249301678.28331,8539102819.971826,,,,,XRP,ripple
2026-08-23,1.4637843769045962,91844425938.97223,11336138918.97461,1.001,1.69,0.995553,1.46,XRP,ripple
2026-08-24,1.52050482788377,95403322550.64264,5320758107.229973,,,,,XRP,ripple
2026-08-25,1.4804016400422346,92887067886.53874,5800396926.643807,,,,,XRP,ripple
2026-08-26,1.434049819401547,89978745851.45009,4082824742.7934737,,,,,XRP,ripple
2026-08-27,1.422486925574032,89253237803.58641,3766977001.261257,1.46,1.55,1.36,1.42,XRP,ripple
2026-08-28,1.453606158145044,91205798642.62878,3578007306.0460496,,,,,XRP,ripple
2026-08-29,1.3834326975271105,86802799602.40523,3012089060.2480206,,,,,XRP,ripple
2026-08-30,1.3962919749950886,87609648599.888,1089817502.5224993,,,,,XRP,ripple
2026-08-31,1.3579266931353293,85202437986.08998,1779471162.9979696,1.42,1.47,1.34,1.36,XRP,ripple
2026-09-01,1.3792804733945896,86542270355.17569,1989020218.1899161,,,,,XRP,ripple
2026-09-02,1.3514651765110592,84797013324.9072,2072820889.1030037,,,,,XRP,ripple
2026-09-03,1.350370850400152,84728350374.9317,2256669641.448012,,,,,XRP,ripple
2026-09-04,1.4512912373932785,91060550086.28764,4174584534.70657,1.36,1.48,1.31,1.45,XRP,ripple
2026-09-05,1.3986937238549557,87760345142.87921,2974267897.4031177,,,,,XRP,ripple
2026-09-06,1.4122708256630054,88612233673.1505,1462719239.6682935,,,,,XRP,ripple
2026-09-07,1.4226486567524865,89263385546.29767,1456470169.8882015,,,,,XRP,ripple
2026-09-08,1.3960935547617492,87597198820.5945,2072353839.530008,1.45,1.46,1.38,1.4,XRP,ripple
2026-09-09,1.4172841566021832,88926792640.58841,2445589456.406519,,,,,XRP,ripple
2026-09-10,1.3947406589248457,87512312041.19165,2484083693.1414204,,,,,XRP,ripple
2026-09-11,1.3340102087604153,83881507857.35445,2218658274.2132845,,,,,XRP,ripple
2026-09-12,1.3557713966363036,85249834156.36595,2777899179.476622,1.4,1.45,1.32,1.36,XRP,ripple
2026-09-13,1.3662323076269962,85907607973.76141,991369818.3760031,,,,,XRP,ripple
2026-09-14,1.341587719478689,84357975743.94183,1098768626.653035,,,,,XRP,ripple
2026-09-15,1.4231784835036279,89488338516.8062,4299658994.015737,,,,,XRP,ripple
2026-09-16,1.2832801680810546,80691642983.82863,5697321810.370769,1.36,1.49,1.27,1.28,XRP,ripple
2026-09-17,1.298304364425906,81636352578.60912,3878131731.9447083,,,,,XRP,ripple
2026-09-18,1.2954485992654137,81456784321.80305,2324564957.374032,,,,,XRP,ripple
2026-09-19,1.3960002270584508,87779391226.45998,4179061752.1439724,,,,,XRP,ripple
2026-09-20,1.4099588207580518,88657096568.89412,3359600762.785301,1.28,1.45,1.25,1.41,XRP,ripple
2026-09-21,1.4102316069939922,88674249151.86774,2356907010.3523397,,,,,XRP,ripple
2026-09-22,1.5349840525522158,96518584355.29922,5921150531.230748,,,,,XRP,ripple
2026-09-23,1.571302241663608,98802243389.77011,5968132785.943448,,,,,XRP,ripple
2026-09-24,1.50106804404108,94385972538.88704,5526200891.578135,1.41,1.66,1.37,1.5,XRP,ripple
2026-09-25,1.5339867896033,96455877249.05971,3882133443.8172355,,,,,XRP,ripple
2026-09-26,1.5681249917787932,98602460427.52014,6664201548.621162,,,,,XRP,ripple
2026-09-27,1.5272732798523756,96033737060.60803,2502370849.5292034,,,,,XRP,ripple
2026-09-28,1.5164581588114048,95353690795.1305,2739080340.0164757,1.5,1.63,1.45,1.52,XRP,ripple
2026-09-29,1.4958560963437109,94058249385.90216,4343694143.006382,,,,,XRP,ripple
2026-09-30,1.4901410888355973,94017435881.5013,3821565285.524099,,,,,XRP,ripple
2026-09-30,1.5102006831713777,95283055384.5155,3816599803.3717365,,,,,XRP,ripple
